Idx,Value
0,0.03365218872
1,0.817644137
2,0.1202872637
3,0.7698527595
4,0.460880214
5,0.5712726392
6,0.150782399
7,0.8407880149
8,0.8405766396
9,0.9161489447
10,0.503935634