Idx,Value
0,0.3267633573
1,0.598940187
2,0.6017415007
3,0.9772899684
4,0.8535409158
5,0.6633337967
6,0.6805986956
7,0.9857510058
8,0.06439643001
9,0.880643362
10,0.3062298472