Idx,Value
0,0.2731205297
1,0.3318068866
2,0.5625437094
3,0.2560433918
4,0.5581978423
5,0.2272653831
6,0.7486790176
7,0.236709003
8,0.2906873478
9,0.2269614782
10,0.5467722985