Idx,Value
0,0.8720117197
1,0.02676384467
2,0.741016014
3,0.5436025418
4,0.333828663
5,0.8360655738
6,0.05790495146
7,0.2608970367
8,0.5361478029
9,0.9111838222
10,0.09732906296