Idx,Value
0,0.4580691104
1,0.8286079256
2,0.9471954832
3,0.05430031336
4,0.8923453309
5,0.6236472942
6,0.08907694779
7,0.9437829576
8,0.8961685465
9,0.3078862651
10,0.9090878675