Idx,Value
0,0.2274259249
1,0.6378623046
2,0.8817011443
3,0.07992760601
4,0.6546972215
5,0.7932365241
6,0.8188655212
7,0.150695297
8,0.2657008834
9,0.9665618782
10,0.7588801298