Idx,Value
0,0.3212167267
1,0.2886463801
2,0.7318384301
3,0.5982168202
4,0.8297340326
5,0.7621771978
6,0.8916147753
7,0.5424565791
8,0.6622371835
9,0.486991307
10,0.02803899778