Idx,Value
0,0.3522124789
1,0.4525467837
2,0.826397133
3,0.9088162729
4,0.4586142949
5,0.403143764
6,0.4886863859
7,0.8232700816
8,0.7539944685
9,0.7282847537
10,0.5733126336