Idx,Value
0,0.146341778
1,0.269615878
2,0.4897623319
3,0.3149864811
4,0.3176212278
5,0.1938385072
6,0.5265896555
7,0.7017613271
8,0.9695007247
9,0.8286002279
10,0.02562743768