Idx,Value
0,0.3332970359
1,0.08168961038
2,0.5663602497
3,0.1960326095
4,0.5236830211
5,0.3566880162
6,0.8687533458
7,0.05638134821
8,0.8426003811
9,0.4114122645
10,0.2249656269