Idx,Value
0,0.9349855181
1,0.9407404302
2,0.8504694084
3,0.2155593451
4,0.8590583955
5,0.6090123799
6,0.7641766755
7,0.2269891237
8,0.6904878023
9,0.7801889722
10,0.9604164215