Idx,Value
0,0.04149071415
1,0.4065157594
2,0.7360296208
3,0.00531213341
4,0.7791567692
5,0.795279846
6,0.7136289206
7,0.5663773472
8,0.1441609813
9,0.9449231909
10,0.4173861071