Idx,Value
0,0.7851136632
1,0.3265844315
2,0.4039290984
3,0.3189385243
4,0.3188932702
5,0.6362267946
6,0.07285103472
7,0.1580420838
8,0.669194859
9,0.6461497049
10,0.4352755555