Idx,Value
0,0.1581577042
1,0.4010474705
2,0.1645125372
3,0.5041425018
4,0.214982454
5,0.04995776208
6,0.7894177517
7,0.5288846381
8,0.7464288914
9,0.4592028552
10,0.08575312778