Idx,Value
0,0.5458652307
1,0.2995950489
2,0.6092993658
3,0.2447092857
4,0.2505829615
5,0.577407982
6,0.9493798679
7,0.5267113061
8,0.6463841227
9,0.9992238146
10,0.9106265222